Id,Timestamp,ExeInfo,ExeInfoDescription,ExeTimestamp,SidType,Sid,UserName,UserId,AppId,ConnectedTime,ConnectStartTime,InterfaceLuid,InterfaceType,L2ProfileFlags,L2ProfileId,ProfileName
1,2021-09-12 10:19:00,,,,UnknownOrUserSid,,,2,1,8,2021-09-12 09:17:50.6683563,1689399699963904,IF_TYPE_ETHERNET_CSMACD,0,0,
2,2021-09-12 10:19:00,,,,UnknownOrUserSid,,,2,1,3669,2021-09-12 09:17:50.6683563,1689399632855040,IF_TYPE_ETHERNET_CSMACD,0,0,
3,2021-09-12 10:19:00,,,,UnknownOrUserSid,,,2,1,11,2021-09-12 09:17:50.6683563,1689399683186688,IF_TYPE_ETHERNET_CSMACD,0,0,
4,2021-09-12 10:19:00,,,,UnknownOrUserSid,,,2,1,11,2021-09-12 09:17:50.6683563,1689399716741120,IF_TYPE_ETHERNET_CSMACD,0,0,
5,2021-09-12 10:19:00,,,,UnknownOrUserSid,,,2,1,3,2021-09-12 09:18:02.8134399,1689399683186688,IF_TYPE_ETHERNET_CSMACD,0,0,
6,2021-09-12 10:19:00,,,,UnknownOrUserSid,,,2,1,3,2021-09-12 09:18:02.9071834,1689399699963904,IF_TYPE_ETHERNET_CSMACD,0,0,
7,2021-09-12 10:19:00,,,,UnknownOrUserSid,,,2,1,3650,2021-09-12 09:18:09.3446885,1689399683186688,IF_TYPE_ETHERNET_CSMACD,0,0,
8,2021-09-12 10:19:00,,,,UnknownOrUserSid,,,2,1,3650,2021-09-12 09:18:09.3290615,1689399699963904,IF_TYPE_ETHERNET_CSMACD,0,0,
9,2021-09-12 10:19:00,,,,UnknownOrUserSid,,,2,1,3656,2021-09-12 09:18:03.0321890,1689399716741120,IF_TYPE_ETHERNET_CSMACD,0,0,
10,2021-09-12 11:19:00,,,,UnknownOrUserSid,,,2,1,7269,2021-09-12 09:17:50.6683563,1689399632855040,IF_TYPE_ETHERNET_CSMACD,0,0,
11,2021-09-12 11:19:00,,,,UnknownOrUserSid,,,2,1,7250,2021-09-12 09:18:09.3446885,1689399683186688,IF_TYPE_ETHERNET_CSMACD,0,0,
12,2021-09-12 11:19:00,,,,UnknownOrUserSid,,,2,1,7250,2021-09-12 09:18:09.3290615,1689399699963904,IF_TYPE_ETHERNET_CSMACD,0,0,
13,2021-09-12 11:19:00,,,,UnknownOrUserSid,,,2,1,7256,2021-09-12 09:18:03.0321890,1689399716741120,IF_TYPE_ETHERNET_CSMACD,0,0,
14,2021-09-12 12:20:00,,,,UnknownOrUserSid,,,2,1,10929,2021-09-12 09:17:50.6683563,1689399632855040,IF_TYPE_ETHERNET_CSMACD,0,0,
15,2021-09-12 12:20:00,,,,UnknownOrUserSid,,,2,1,10910,2021-09-12 09:18:09.3446885,1689399683186688,IF_TYPE_ETHERNET_CSMACD,0,0,
16,2021-09-12 12:20:00,,,,UnknownOrUserSid,,,2,1,10910,2021-09-12 09:18:09.3290615,1689399699963904,IF_TYPE_ETHERNET_CSMACD,0,0,
17,2021-09-12 12:20:00,,,,UnknownOrUserSid,,,2,1,10916,2021-09-12 09:18:03.0321890,1689399716741120,IF_TYPE_ETHERNET_CSMACD,0,0,
18,2021-09-12 13:21:00,,,,UnknownOrUserSid,,,2,1,14589,2021-09-12 09:17:50.6683563,1689399632855040,IF_TYPE_ETHERNET_CSMACD,0,0,
19,2021-09-12 13:21:00,,,,UnknownOrUserSid,,,2,1,14570,2021-09-12 09:18:09.3446885,1689399683186688,IF_TYPE_ETHERNET_CSMACD,0,0,
20,2021-09-12 13:21:00,,,,UnknownOrUserSid,,,2,1,14570,2021-09-12 09:18:09.3290615,1689399699963904,IF_TYPE_ETHERNET_CSMACD,0,0,
21,2021-09-12 13:21:00,,,,UnknownOrUserSid,,,2,1,14576,2021-09-12 09:18:03.0321890,1689399716741120,IF_TYPE_ETHERNET_CSMACD,0,0,
22,2021-09-12 14:22:00,,,,UnknownOrUserSid,,,2,1,18249,2021-09-12 09:17:50.6683563,1689399632855040,IF_TYPE_ETHERNET_CSMACD,0,0,
23,2021-09-12 14:22:00,,,,UnknownOrUserSid,,,2,1,18230,2021-09-12 09:18:09.3446885,1689399683186688,IF_TYPE_ETHERNET_CSMACD,0,0,
24,2021-09-12 14:22:00,,,,UnknownOrUserSid,,,2,1,18230,2021-09-12 09:18:09.3290615,1689399699963904,IF_TYPE_ETHERNET_CSMACD,0,0,
25,2021-09-12 14:22:00,,,,UnknownOrUserSid,,,2,1,18236,2021-09-12 09:18:03.0321890,1689399716741120,IF_TYPE_ETHERNET_CSMACD,0,0,
26,2021-09-13 10:06:00,,,,UnknownOrUserSid,,,2,1,20524,2021-09-12 09:17:50.6683563,1689399632855040,IF_TYPE_ETHERNET_CSMACD,0,0,
27,2021-09-13 10:06:00,,,,UnknownOrUserSid,,,2,1,89234,2021-09-12 09:18:09.3446885,1689399683186688,IF_TYPE_ETHERNET_CSMACD,0,0,
28,2021-09-13 10:06:00,,,,UnknownOrUserSid,,,2,1,89234,2021-09-12 09:18:09.3290615,1689399699963904,IF_TYPE_ETHERNET_CSMACD,0,0,
29,2021-09-13 10:06:00,,,,UnknownOrUserSid,,,2,1,89238,2021-09-12 09:18:03.0321890,1689399716741120,IF_TYPE_ETHERNET_CSMACD,0,0,
30,2021-09-13 10:06:00,,,,UnknownOrUserSid,,,2,1,0,2021-09-13 10:05:23.0527326,1689399632855040,IF_TYPE_ETHERNET_CSMACD,0,0,
31,2021-09-14 12:01:00,,,,UnknownOrUserSid,,,2,1,334,2021-09-13 10:05:23.0527326,1689399632855040,IF_TYPE_ETHERNET_CSMACD,0,0,
32,2021-09-14 12:01:00,,,,UnknownOrUserSid,,,2,1,182557,2021-09-12 09:18:09.3446885,1689399683186688,IF_TYPE_ETHERNET_CSMACD,0,0,
33,2021-09-14 12:01:00,,,,UnknownOrUserSid,,,2,1,182557,2021-09-12 09:18:09.3290615,1689399699963904,IF_TYPE_ETHERNET_CSMACD,0,0,
34,2021-09-14 12:01:00,,,,UnknownOrUserSid,,,2,1,93315,2021-09-13 10:05:31.2279512,1689399716741120,IF_TYPE_ETHERNET_CSMACD,0,0,
35,2021-09-14 13:01:00,,,,UnknownOrUserSid,,,2,1,93315,2021-09-13 10:05:31.2279512,1689399716741120,IF_TYPE_ETHERNET_CSMACD,0,0,
36,2021-09-14 13:01:00,,,,UnknownOrUserSid,,,2,1,3611,2021-09-14 12:00:48.0868928,1689399632855040,IF_TYPE_ETHERNET_CSMACD,0,0,
37,2021-09-14 13:01:00,,,,UnknownOrUserSid,,,2,1,186170,2021-09-12 09:18:09.3446885,1689399683186688,IF_TYPE_ETHERNET_CSMACD,0,0,
38,2021-09-14 13:01:00,,,,UnknownOrUserSid,,,2,1,186170,2021-09-12 09:18:09.3290615,1689399699963904,IF_TYPE_ETHERNET_CSMACD,0,0,
39,2021-09-14 13:01:00,,,,UnknownOrUserSid,,,2,1,3603,2021-09-14 12:00:56.0891588,1689399716741120,IF_TYPE_ETHERNET_CSMACD,0,0,
40,2021-09-14 14:01:00,,,,UnknownOrUserSid,,,2,1,7211,2021-09-14 12:00:48.0868928,1689399632855040,IF_TYPE_ETHERNET_CSMACD,0,0,
41,2021-09-14 14:01:00,,,,UnknownOrUserSid,,,2,1,189770,2021-09-12 09:18:09.3446885,1689399683186688,IF_TYPE_ETHERNET_CSMACD,0,0,
42,2021-09-14 14:01:00,,,,UnknownOrUserSid,,,2,1,189770,2021-09-12 09:18:09.3290615,1689399699963904,IF_TYPE_ETHERNET_CSMACD,0,0,
43,2021-09-14 14:01:00,,,,UnknownOrUserSid,,,2,1,7203,2021-09-14 12:00:56.0891588,1689399716741120,IF_TYPE_ETHERNET_CSMACD,0,0,
44,2021-09-14 15:02:00,,,,UnknownOrUserSid,,,2,1,10871,2021-09-14 12:00:48.0868928,1689399632855040,IF_TYPE_ETHERNET_CSMACD,0,0,
45,2021-09-14 15:02:00,,,,UnknownOrUserSid,,,2,1,193430,2021-09-12 09:18:09.3446885,1689399683186688,IF_TYPE_ETHERNET_CSMACD,0,0,
46,2021-09-14 15:02:00,,,,UnknownOrUserSid,,,2,1,193430,2021-09-12 09:18:09.3290615,1689399699963904,IF_TYPE_ETHERNET_CSMACD,0,0,
47,2021-09-14 15:02:00,,,,UnknownOrUserSid,,,2,1,10863,2021-09-14 12:00:56.0891588,1689399716741120,IF_TYPE_ETHERNET_CSMACD,0,0,
48,2021-09-14 16:03:00,,,,UnknownOrUserSid,,,2,1,14531,2021-09-14 12:00:48.0868928,1689399632855040,IF_TYPE_ETHERNET_CSMACD,0,0,
49,2021-09-14 16:03:00,,,,UnknownOrUserSid,,,2,1,197090,2021-09-12 09:18:09.3446885,1689399683186688,IF_TYPE_ETHERNET_CSMACD,0,0,
50,2021-09-14 16:03:00,,,,UnknownOrUserSid,,,2,1,197090,2021-09-12 09:18:09.3290615,1689399699963904,IF_TYPE_ETHERNET_CSMACD,0,0,
51,2021-09-14 16:03:00,,,,UnknownOrUserSid,,,2,1,14523,2021-09-14 12:00:56.0891588,1689399716741120,IF_TYPE_ETHERNET_CSMACD,0,0,
52,2021-09-14 17:03:00,,,,UnknownOrUserSid,,,2,1,18131,2021-09-14 12:00:48.0868928,1689399632855040,IF_TYPE_ETHERNET_CSMACD,0,0,
53,2021-09-14 17:03:00,,,,UnknownOrUserSid,,,2,1,200690,2021-09-12 09:18:09.3446885,1689399683186688,IF_TYPE_ETHERNET_CSMACD,0,0,
54,2021-09-14 17:03:00,,,,UnknownOrUserSid,,,2,1,200690,2021-09-12 09:18:09.3290615,1689399699963904,IF_TYPE_ETHERNET_CSMACD,0,0,
55,2021-09-14 17:03:00,,,,UnknownOrUserSid,,,2,1,18123,2021-09-14 12:00:56.0891588,1689399716741120,IF_TYPE_ETHERNET_CSMACD,0,0,
56,2021-09-14 18:04:00,,,,UnknownOrUserSid,,,2,1,21791,2021-09-14 12:00:48.0868928,1689399632855040,IF_TYPE_ETHERNET_CSMACD,0,0,
57,2021-09-14 18:04:00,,,,UnknownOrUserSid,,,2,1,204350,2021-09-12 09:18:09.3446885,1689399683186688,IF_TYPE_ETHERNET_CSMACD,0,0,
58,2021-09-14 18:04:00,,,,UnknownOrUserSid,,,2,1,204350,2021-09-12 09:18:09.3290615,1689399699963904,IF_TYPE_ETHERNET_CSMACD,0,0,
59,2021-09-14 18:04:00,,,,UnknownOrUserSid,,,2,1,21783,2021-09-14 12:00:56.0891588,1689399716741120,IF_TYPE_ETHERNET_CSMACD,0,0,
60,2021-09-15 11:12:00,,,,UnknownOrUserSid,,,2,1,23862,2021-09-14 12:00:48.0868928,1689399632855040,IF_TYPE_ETHERNET_CSMACD,0,0,
61,2021-09-15 11:12:00,,,,UnknownOrUserSid,,,2,1,265989,2021-09-12 09:18:09.3446885,1689399683186688,IF_TYPE_ETHERNET_CSMACD,0,0,
62,2021-09-15 11:12:00,,,,UnknownOrUserSid,,,2,1,265989,2021-09-12 09:18:09.3290615,1689399699963904,IF_TYPE_ETHERNET_CSMACD,0,0,
63,2021-09-15 11:12:00,,,,UnknownOrUserSid,,,2,1,83395,2021-09-14 12:00:56.0891588,1689399716741120,IF_TYPE_ETHERNET_CSMACD,0,0,
64,2021-09-15 11:12:00,,,,UnknownOrUserSid,,,2,1,3,2021-09-15 11:10:55.2455890,1689399716741120,IF_TYPE_ETHERNET_CSMACD,0,0,
65,2021-09-15 11:12:00,,,,UnknownOrUserSid,,,2,1,25,2021-09-15 11:10:53.1945916,1689399632855040,IF_TYPE_ETHERNET_CSMACD,0,0,
66,2021-09-15 11:12:00,,,,UnknownOrUserSid,,,2,1,16,2021-09-15 11:11:01.5627747,1689399716741120,IF_TYPE_ETHERNET_CSMACD,0,0,
67,2021-09-15 12:50:00,,,,UnknownOrUserSid,,,2,1,78,2021-09-15 11:10:53.1945916,1689399632855040,IF_TYPE_ETHERNET_CSMACD,0,0,
68,2021-09-15 12:50:00,,,,UnknownOrUserSid,,,2,1,271896,2021-09-12 09:18:09.3446885,1689399683186688,IF_TYPE_ETHERNET_CSMACD,0,0,
69,2021-09-15 12:50:00,,,,UnknownOrUserSid,,,2,1,271896,2021-09-12 09:18:09.3290615,1689399699963904,IF_TYPE_ETHERNET_CSMACD,0,0,
70,2021-09-15 12:50:00,,,,UnknownOrUserSid,,,2,1,5878,2021-09-15 11:11:01.5627747,1689399716741120,IF_TYPE_ETHERNET_CSMACD,0,0,
71,2021-09-15 12:50:00,,,,UnknownOrUserSid,,,2,1,44,2021-09-15 12:49:01.1472818,1689399632855040,IF_TYPE_ETHERNET_CSMACD,0,0,
72,2021-09-15 12:50:00,,,,UnknownOrUserSid,,,2,1,43,2021-09-15 12:49:02.4103243,1689399716741120,IF_TYPE_ETHERNET_CSMACD,0,0,
73,2021-09-15 13:50:00,,,,UnknownOrUserSid,,,2,1,3658,2021-09-15 12:49:01.1472818,1689399632855040,IF_TYPE_ETHERNET_CSMACD,0,0,
74,2021-09-15 13:50:00,,,,UnknownOrUserSid,,,2,1,275510,2021-09-12 09:18:09.3446885,1689399683186688,IF_TYPE_ETHERNET_CSMACD,0,0,
75,2021-09-15 13:50:00,,,,UnknownOrUserSid,,,2,1,275510,2021-09-12 09:18:09.3290615,1689399699963904,IF_TYPE_ETHERNET_CSMACD,0,0,
76,2021-09-15 13:50:00,,,,UnknownOrUserSid,,,2,1,3657,2021-09-15 12:49:02.4103243,1689399716741120,IF_TYPE_ETHERNET_CSMACD,0,0,
77,2021-09-15 14:51:00,,,,UnknownOrUserSid,,,2,1,4840,2021-09-15 12:49:01.1472818,1689399632855040,IF_TYPE_ETHERNET_CSMACD,0,0,
78,2021-09-15 14:51:00,,,,UnknownOrUserSid,,,2,1,279164,2021-09-12 09:18:09.3446885,1689399683186688,IF_TYPE_ETHERNET_CSMACD,0,0,
79,2021-09-15 14:51:00,,,,UnknownOrUserSid,,,2,1,279164,2021-09-12 09:18:09.3290615,1689399699963904,IF_TYPE_ETHERNET_CSMACD,0,0,
80,2021-09-15 14:51:00,,,,UnknownOrUserSid,,,2,1,7294,2021-09-15 12:49:02.4103243,1689399716741120,IF_TYPE_ETHERNET_CSMACD,0,0,
81,2021-09-15 14:51:00,,,,UnknownOrUserSid,,,2,1,15,2021-09-15 14:50:38.1745199,1689399632855040,IF_TYPE_ETHERNET_CSMACD,0,0,
82,2021-09-15 14:51:00,,,,UnknownOrUserSid,,,2,1,14,2021-09-15 14:50:39.0875221,1689399716741120,IF_TYPE_ETHERNET_CSMACD,0,0,
83,2021-09-15 15:51:00,,,,UnknownOrUserSid,,,2,1,3621,2021-09-15 14:50:38.1745199,1689399632855040,IF_TYPE_ETHERNET_CSMACD,0,0,
84,2021-09-15 15:51:00,,,,UnknownOrUserSid,,,2,1,282770,2021-09-12 09:18:09.3446885,1689399683186688,IF_TYPE_ETHERNET_CSMACD,0,0,
85,2021-09-15 15:51:00,,,,UnknownOrUserSid,,,2,1,282770,2021-09-12 09:18:09.3290615,1689399699963904,IF_TYPE_ETHERNET_CSMACD,0,0,
86,2021-09-15 15:51:00,,,,UnknownOrUserSid,,,2,1,3620,2021-09-15 14:50:39.0875221,1689399716741120,IF_TYPE_ETHERNET_CSMACD,0,0,
87,2021-09-15 17:15:00,,,,UnknownOrUserSid,,,2,1,5420,2021-09-15 14:50:38.1745199,1689399632855040,IF_TYPE_ETHERNET_CSMACD,0,0,
88,2021-09-15 17:15:00,,,,UnknownOrUserSid,,,2,1,287803,2021-09-12 09:18:09.3446885,1689399683186688,IF_TYPE_ETHERNET_CSMACD,0,0,
89,2021-09-15 17:15:00,,,,UnknownOrUserSid,,,2,1,287803,2021-09-12 09:18:09.3290615,1689399699963904,IF_TYPE_ETHERNET_CSMACD,0,0,
90,2021-09-15 17:15:00,,,,UnknownOrUserSid,,,2,1,8654,2021-09-15 14:50:39.0875221,1689399716741120,IF_TYPE_ETHERNET_CSMACD,0,0,
91,2021-09-15 17:23:00,,,,UnknownOrUserSid,,,2,1,8654,2021-09-15 14:50:39.0875221,1689399716741120,IF_TYPE_ETHERNET_CSMACD,0,0,
92,2021-09-15 17:23:00,,,,UnknownOrUserSid,,,2,1,484,2021-09-15 17:14:55.2340762,1689399632855040,IF_TYPE_ETHERNET_CSMACD,0,0,
93,2021-09-15 17:23:00,,,,UnknownOrUserSid,,,2,1,288290,2021-09-12 09:18:09.3446885,1689399683186688,IF_TYPE_ETHERNET_CSMACD,0,0,
94,2021-09-15 17:23:00,,,,UnknownOrUserSid,,,2,1,288290,2021-09-12 09:18:09.3290615,1689399699963904,IF_TYPE_ETHERNET_CSMACD,0,0,
95,2021-09-15 17:23:00,,,,UnknownOrUserSid,,,2,1,483,2021-09-15 17:14:56.6570767,1689399716741120,IF_TYPE_ETHERNET_CSMACD,0,0,
96,2021-09-17 07:55:00,,,,UnknownOrUserSid,,,2,1,5,2021-09-15 18:41:21.6401762,1689399666409472,IF_TYPE_ETHERNET_CSMACD,0,0,
97,2021-09-17 07:55:00,,,,UnknownOrUserSid,,,2,1,5,2021-09-15 18:41:21.6401762,1689399683186688,IF_TYPE_ETHERNET_CSMACD,0,0,
98,2021-09-17 07:55:00,,,,UnknownOrUserSid,,,2,1,908,2021-09-15 18:41:21.6401762,1689399632855040,IF_TYPE_ETHERNET_CSMACD,0,0,
99,2021-09-17 07:55:00,,,,UnknownOrUserSid,,,2,1,133992,2021-09-15 18:41:31.0177921,1689399666409472,IF_TYPE_ETHERNET_CSMACD,0,0,
100,2021-09-17 07:55:00,,,,UnknownOrUserSid,,,2,1,133992,2021-09-15 18:41:31.2052918,1689399683186688,IF_TYPE_ETHERNET_CSMACD,0,0,
101,2021-09-17 07:55:00,,,,UnknownOrUserSid,,,2,1,26,2021-09-17 07:54:16.8768463,1689399632855040,IF_TYPE_ETHERNET_CSMACD,0,0,
102,2021-09-17 13:44:00,,,,UnknownOrUserSid,,,2,1,1452,2021-09-17 07:54:16.8768463,1689399632855040,IF_TYPE_ETHERNET_CSMACD,0,0,
103,2021-09-17 13:44:00,,,,UnknownOrUserSid,,,2,1,154940,2021-09-15 18:41:31.0177921,1689399666409472,IF_TYPE_ETHERNET_CSMACD,0,0,
104,2021-09-17 13:44:00,,,,UnknownOrUserSid,,,2,1,154940,2021-09-15 18:41:31.2052918,1689399683186688,IF_TYPE_ETHERNET_CSMACD,0,0,
105,2021-09-17 13:44:00,,,,UnknownOrUserSid,,,2,1,27,2021-09-17 13:43:24.0833716,1689399632855040,IF_TYPE_ETHERNET_CSMACD,0,0,
106,2021-09-18 05:49:00,,,,UnknownOrUserSid,,,2,1,1905,2021-09-17 13:43:24.0833716,1689399632855040,IF_TYPE_ETHERNET_CSMACD,0,0,
107,2021-09-18 05:49:00,,,,UnknownOrUserSid,,,2,1,212847,2021-09-15 18:41:31.0177921,1689399666409472,IF_TYPE_ETHERNET_CSMACD,0,0,
108,2021-09-18 05:49:00,,,,UnknownOrUserSid,,,2,1,212847,2021-09-15 18:41:31.2052918,1689399683186688,IF_TYPE_ETHERNET_CSMACD,0,0,
109,2021-09-18 05:49:00,,,,UnknownOrUserSid,,,2,1,46,2021-09-18 05:48:11.3972655,1689399632855040,IF_TYPE_ETHERNET_CSMACD,0,0,
110,2021-09-18 06:49:00,,,,UnknownOrUserSid,,,2,1,3648,2021-09-18 05:48:11.3972655,1689399632855040,IF_TYPE_ETHERNET_CSMACD,0,0,
111,2021-09-18 06:49:00,,,,UnknownOrUserSid,,,2,1,216448,2021-09-15 18:41:31.0177921,1689399666409472,IF_TYPE_ETHERNET_CSMACD,0,0,
112,2021-09-18 06:49:00,,,,UnknownOrUserSid,,,2,1,216448,2021-09-15 18:41:31.2052918,1689399683186688,IF_TYPE_ETHERNET_CSMACD,0,0,
113,2021-09-18 07:50:00,,,,UnknownOrUserSid,,,2,1,7308,2021-09-18 05:48:11.3972655,1689399632855040,IF_TYPE_ETHERNET_CSMACD,0,0,
114,2021-09-18 07:50:00,,,,UnknownOrUserSid,,,2,1,220108,2021-09-15 18:41:31.0177921,1689399666409472,IF_TYPE_ETHERNET_CSMACD,0,0,
115,2021-09-18 07:50:00,,,,UnknownOrUserSid,,,2,1,220108,2021-09-15 18:41:31.2052918,1689399683186688,IF_TYPE_ETHERNET_CSMACD,0,0,
116,2021-09-18 08:51:00,,,,UnknownOrUserSid,,,2,1,10968,2021-09-18 05:48:11.3972655,1689399632855040,IF_TYPE_ETHERNET_CSMACD,0,0,
117,2021-09-18 08:51:00,,,,UnknownOrUserSid,,,2,1,223768,2021-09-15 18:41:31.0177921,1689399666409472,IF_TYPE_ETHERNET_CSMACD,0,0,
118,2021-09-18 08:51:00,,,,UnknownOrUserSid,,,2,1,223768,2021-09-15 18:41:31.2052918,1689399683186688,IF_TYPE_ETHERNET_CSMACD,0,0,
119,2021-09-18 09:46:00,,,,UnknownOrUserSid,,,2,1,14268,2021-09-18 05:48:11.3972655,1689399632855040,IF_TYPE_ETHERNET_CSMACD,0,0,
120,2021-09-18 09:46:00,,,,UnknownOrUserSid,,,2,1,227068,2021-09-15 18:41:31.0177921,1689399666409472,IF_TYPE_ETHERNET_CSMACD,0,0,
121,2021-09-18 09:46:00,,,,UnknownOrUserSid,,,2,1,227068,2021-09-15 18:41:31.2052918,1689399683186688,IF_TYPE_ETHERNET_CSMACD,0,0,
122,2021-09-18 16:20:00,,,,UnknownOrUserSid,,,2,1,0,2021-09-18 09:47:01.2156616,1689399666409472,IF_TYPE_ETHERNET_CSMACD,0,0,
123,2021-09-18 16:20:00,,,,UnknownOrUserSid,,,2,1,2829,2021-09-18 09:47:01.2156616,1689399632855040,IF_TYPE_ETHERNET_CSMACD,0,0,
124,2021-09-18 16:20:00,,,,UnknownOrUserSid,,,2,1,23532,2021-09-18 09:47:03.5256958,1689399666409472,IF_TYPE_ETHERNET_CSMACD,0,0,
125,2021-09-18 16:20:00,,,,UnknownOrUserSid,,,2,1,23531,2021-09-18 09:47:03.5861767,1689399683186688,IF_TYPE_ETHERNET_CSMACD,0,0,
126,2021-09-18 16:20:00,,,,UnknownOrUserSid,,,2,1,45,2021-09-18 16:18:30.4342743,1689399632855040,IF_TYPE_ETHERNET_CSMACD,0,0,
127,2021-09-18 17:20:00,,,,UnknownOrUserSid,,,2,1,3689,2021-09-18 16:18:30.4342743,1689399632855040,IF_TYPE_ETHERNET_CSMACD,0,0,
128,2021-09-18 17:20:00,,,,UnknownOrUserSid,,,2,1,27176,2021-09-18 09:47:03.5256958,1689399666409472,IF_TYPE_ETHERNET_CSMACD,0,0,
129,2021-09-18 17:20:00,,,,UnknownOrUserSid,,,2,1,27176,2021-09-18 09:47:03.5861767,1689399683186688,IF_TYPE_ETHERNET_CSMACD,0,0,
130,2021-09-19 05:51:00,,,,UnknownOrUserSid,,,2,1,4296,2021-09-18 16:18:30.4342743,1689399632855040,IF_TYPE_ETHERNET_CSMACD,0,0,
131,2021-09-19 05:51:00,,,,UnknownOrUserSid,,,2,1,72204,2021-09-18 09:47:03.5256958,1689399666409472,IF_TYPE_ETHERNET_CSMACD,0,0,
132,2021-09-19 05:51:00,,,,UnknownOrUserSid,,,2,1,72204,2021-09-18 09:47:03.5861767,1689399683186688,IF_TYPE_ETHERNET_CSMACD,0,0,
133,2021-09-19 05:51:00,,,,UnknownOrUserSid,,,2,1,49,2021-09-19 05:49:38.0829006,1689399632855040,IF_TYPE_ETHERNET_CSMACD,0,0,
134,2021-09-19 06:51:00,,,,UnknownOrUserSid,,,2,1,3681,2021-09-19 05:49:38.0829006,1689399632855040,IF_TYPE_ETHERNET_CSMACD,0,0,
135,2021-09-19 06:51:00,,,,UnknownOrUserSid,,,2,1,75836,2021-09-18 09:47:03.5256958,1689399666409472,IF_TYPE_ETHERNET_CSMACD,0,0,
136,2021-09-19 06:51:00,,,,UnknownOrUserSid,,,2,1,75836,2021-09-18 09:47:03.5861767,1689399683186688,IF_TYPE_ETHERNET_CSMACD,0,0,
137,2021-09-19 07:04:00,,,,UnknownOrUserSid,,,2,1,4461,2021-09-19 05:49:38.0829006,1689399632855040,IF_TYPE_ETHERNET_CSMACD,0,0,
138,2021-09-19 07:04:00,,,,UnknownOrUserSid,,,2,1,76616,2021-09-18 09:47:03.5256958,1689399666409472,IF_TYPE_ETHERNET_CSMACD,0,0,
139,2021-09-19 07:04:00,,,,UnknownOrUserSid,,,2,1,76616,2021-09-18 09:47:03.5861767,1689399683186688,IF_TYPE_ETHERNET_CSMACD,0,0,
140,2021-09-19 07:08:00,,,,UnknownOrUserSid,,,2,1,2,2021-09-19 07:05:04.3117188,1689399666409472,IF_TYPE_ETHERNET_CSMACD,0,0,
141,2021-09-19 07:08:00,,,,UnknownOrUserSid,,,2,1,2,2021-09-19 07:05:04.3117188,1689399683186688,IF_TYPE_ETHERNET_CSMACD,0,0,
142,2021-09-19 07:08:00,,,,UnknownOrUserSid,,,2,1,175,2021-09-19 07:05:04.3117188,1689399632855040,IF_TYPE_ETHERNET_CSMACD,0,0,
143,2021-09-19 07:08:00,,,,UnknownOrUserSid,,,2,1,172,2021-09-19 07:05:07.2702096,1689399666409472,IF_TYPE_ETHERNET_CSMACD,0,0,
144,2021-09-19 07:08:00,,,,UnknownOrUserSid,,,2,1,172,2021-09-19 07:05:07.2858551,1689399683186688,IF_TYPE_ETHERNET_CSMACD,0,0,
145,2021-09-19 07:10:00,,,,UnknownOrUserSid,,,2,1,49,2021-09-19 07:09:10.1274567,1689399632855040,IF_TYPE_ETHERNET_CSMACD,0,0,
146,2021-09-19 07:10:00,,,,UnknownOrUserSid,,,2,1,47,2021-09-19 07:09:12.9572274,1689399666409472,IF_TYPE_ETHERNET_CSMACD,0,0,
147,2021-09-19 07:10:00,,,,UnknownOrUserSid,,,2,1,46,2021-09-19 07:09:13.1388914,1689399683186688,IF_TYPE_ETHERNET_CSMACD,0,0,
148,2021-09-19 07:17:00,,,,UnknownOrUserSid,,,2,1,2,2021-09-19 07:10:33.4433979,1689399666409472,IF_TYPE_ETHERNET_CSMACD,0,0,
149,2021-09-19 07:17:00,,,,UnknownOrUserSid,,,2,1,2,2021-09-19 07:10:33.4433979,1689399683186688,IF_TYPE_ETHERNET_CSMACD,0,0,
150,2021-09-19 07:17:00,,,,UnknownOrUserSid,,,2,1,386,2021-09-19 07:10:33.4433979,1689399632855040,IF_TYPE_ETHERNET_CSMACD,0,0,
151,2021-09-19 07:17:00,,,,UnknownOrUserSid,,,2,1,383,2021-09-19 07:10:36.1133565,1689399666409472,IF_TYPE_ETHERNET_CSMACD,0,0,
152,2021-09-19 07:17:00,,,,UnknownOrUserSid,,,2,1,383,2021-09-19 07:10:36.1289814,1689399683186688,IF_TYPE_ETHERNET_CSMACD,0,0,
153,2021-09-19 07:29:00,,,,UnknownOrUserSid,,,2,1,673,2021-09-19 07:17:46.8005747,1689399632855040,IF_TYPE_ETHERNET_CSMACD,0,0,
154,2021-09-19 07:29:00,,,,UnknownOrUserSid,,,2,1,673,2021-09-19 07:17:46.8005747,1689399666409472,IF_TYPE_ETHERNET_CSMACD,0,0,
155,2021-09-19 07:29:00,,,,UnknownOrUserSid,,,2,1,673,2021-09-19 07:17:46.8005747,1689399683186688,IF_TYPE_ETHERNET_CSMACD,0,0,
156,2021-09-19 08:30:00,,,,UnknownOrUserSid,,,2,1,2,2021-09-19 07:29:41.2059506,1689399666409472,IF_TYPE_ETHERNET_CSMACD,0,0,
157,2021-09-19 08:30:00,,,,UnknownOrUserSid,,,2,1,2,2021-09-19 07:29:41.2059506,1689399683186688,IF_TYPE_ETHERNET_CSMACD,0,0,
158,2021-09-19 08:30:00,,,,UnknownOrUserSid,,,2,1,3618,2021-09-19 07:29:41.2059506,1689399632855040,IF_TYPE_ETHERNET_CSMACD,0,0,
159,2021-09-19 08:30:00,,,,UnknownOrUserSid,,,2,1,3615,2021-09-19 07:29:44.2014078,1689399666409472,IF_TYPE_ETHERNET_CSMACD,0,0,
160,2021-09-19 08:30:00,,,,UnknownOrUserSid,,,2,1,3615,2021-09-19 07:29:44.2235445,1689399683186688,IF_TYPE_ETHERNET_CSMACD,0,0,
161,2021-09-19 09:31:00,,,,UnknownOrUserSid,,,2,1,7278,2021-09-19 07:29:41.2059506,1689399632855040,IF_TYPE_ETHERNET_CSMACD,0,0,
162,2021-09-19 09:31:00,,,,UnknownOrUserSid,,,2,1,7275,2021-09-19 07:29:44.2014078,1689399666409472,IF_TYPE_ETHERNET_CSMACD,0,0,
163,2021-09-19 09:31:00,,,,UnknownOrUserSid,,,2,1,7275,2021-09-19 07:29:44.2235445,1689399683186688,IF_TYPE_ETHERNET_CSMACD,0,0,
164,2021-09-19 10:32:00,,,,UnknownOrUserSid,,,2,1,10938,2021-09-19 07:29:41.2059506,1689399632855040,IF_TYPE_ETHERNET_CSMACD,0,0,
165,2021-09-19 10:32:00,,,,UnknownOrUserSid,,,2,1,10935,2021-09-19 07:29:44.2014078,1689399666409472,IF_TYPE_ETHERNET_CSMACD,0,0,
166,2021-09-19 10:32:00,,,,UnknownOrUserSid,,,2,1,10935,2021-09-19 07:29:44.2235445,1689399683186688,IF_TYPE_ETHERNET_CSMACD,0,0,
167,2021-09-20 16:46:00,,,,UnknownOrUserSid,,,2,1,12599,2021-09-19 07:29:41.2059506,1689399632855040,IF_TYPE_ETHERNET_CSMACD,0,0,
168,2021-09-20 16:46:00,,,,UnknownOrUserSid,,,2,1,119740,2021-09-19 07:29:44.2014078,1689399666409472,IF_TYPE_ETHERNET_CSMACD,0,0,
169,2021-09-20 16:46:00,,,,UnknownOrUserSid,,,2,1,119740,2021-09-19 07:29:44.2235445,1689399683186688,IF_TYPE_ETHERNET_CSMACD,0,0,
170,2021-09-20 16:46:00,,,,UnknownOrUserSid,,,2,1,15,2021-09-20 16:45:09.1364582,1689399632855040,IF_TYPE_ETHERNET_CSMACD,0,0,
171,2021-09-20 17:46:00,,,,UnknownOrUserSid,,,2,1,3650,2021-09-20 16:45:09.1364582,1689399632855040,IF_TYPE_ETHERNET_CSMACD,0,0,
172,2021-09-20 17:46:00,,,,UnknownOrUserSid,,,2,1,123375,2021-09-19 07:29:44.2014078,1689399666409472,IF_TYPE_ETHERNET_CSMACD,0,0,
173,2021-09-20 17:46:00,,,,UnknownOrUserSid,,,2,1,123375,2021-09-19 07:29:44.2235445,1689399683186688,IF_TYPE_ETHERNET_CSMACD,0,0,
174,2021-09-21 15:32:00,,,,UnknownOrUserSid,,,2,1,5484,2021-09-20 16:45:09.1364582,1689399632855040,IF_TYPE_ETHERNET_CSMACD,0,0,
175,2021-09-21 15:32:00,,,,UnknownOrUserSid,,,2,1,201728,2021-09-19 07:29:44.2014078,1689399666409472,IF_TYPE_ETHERNET_CSMACD,0,0,
176,2021-09-21 15:32:00,,,,UnknownOrUserSid,,,2,1,201728,2021-09-19 07:29:44.2235445,1689399683186688,IF_TYPE_ETHERNET_CSMACD,0,0,
177,2021-09-21 15:32:00,,,,UnknownOrUserSid,,,2,1,1744,2021-09-20 18:17:15.0230690,1689399632855040,IF_TYPE_ETHERNET_CSMACD,0,0,
178,2021-09-21 15:32:00,,,,UnknownOrUserSid,,,2,1,35,2021-09-21 15:31:16.8317726,1689399632855040,IF_TYPE_ETHERNET_CSMACD,0,0,
179,2021-09-21 16:32:00,,,,UnknownOrUserSid,,,2,1,3643,2021-09-21 15:31:16.8317726,1689399632855040,IF_TYPE_ETHERNET_CSMACD,0,0,
180,2021-09-21 16:32:00,,,,UnknownOrUserSid,,,2,1,205335,2021-09-19 07:29:44.2014078,1689399666409472,IF_TYPE_ETHERNET_CSMACD,0,0,
181,2021-09-21 16:32:00,,,,UnknownOrUserSid,,,2,1,205335,2021-09-19 07:29:44.2235445,1689399683186688,IF_TYPE_ETHERNET_CSMACD,0,0,
182,2021-09-21 17:33:00,,,,UnknownOrUserSid,,,2,1,7303,2021-09-21 15:31:16.8317726,1689399632855040,IF_TYPE_ETHERNET_CSMACD,0,0,
183,2021-09-21 17:33:00,,,,UnknownOrUserSid,,,2,1,208995,2021-09-19 07:29:44.2014078,1689399666409472,IF_TYPE_ETHERNET_CSMACD,0,0,
184,2021-09-21 17:33:00,,,,UnknownOrUserSid,,,2,1,208995,2021-09-19 07:29:44.2235445,1689399683186688,IF_TYPE_ETHERNET_CSMACD,0,0,
185,2021-09-21 18:34:00,,,,UnknownOrUserSid,,,2,1,10963,2021-09-21 15:31:16.8317726,1689399632855040,IF_TYPE_ETHERNET_CSMACD,0,0,
186,2021-09-21 18:34:00,,,,UnknownOrUserSid,,,2,1,212655,2021-09-19 07:29:44.2014078,1689399666409472,IF_TYPE_ETHERNET_CSMACD,0,0,
187,2021-09-21 18:34:00,,,,UnknownOrUserSid,,,2,1,212655,2021-09-19 07:29:44.2235445,1689399683186688,IF_TYPE_ETHERNET_CSMACD,0,0,
188,2021-09-22 18:50:00,,,,UnknownOrUserSid,,,2,1,14025,2021-09-21 15:31:16.8317726,1689399632855040,IF_TYPE_ETHERNET_CSMACD,0,0,
189,2021-09-22 18:50:00,,,,UnknownOrUserSid,,,2,1,300012,2021-09-19 07:29:44.2014078,1689399666409472,IF_TYPE_ETHERNET_CSMACD,0,0,
190,2021-09-22 18:50:00,,,,UnknownOrUserSid,,,2,1,300012,2021-09-19 07:29:44.2235445,1689399683186688,IF_TYPE_ETHERNET_CSMACD,0,0,
191,2021-09-22 18:50:00,,,,UnknownOrUserSid,,,2,1,53,2021-09-22 18:49:02.8068521,1689399632855040,IF_TYPE_ETHERNET_CSMACD,0,0,
192,2021-09-22 19:50:00,,,,UnknownOrUserSid,,,2,1,3657,2021-09-22 18:49:02.8068521,1689399632855040,IF_TYPE_ETHERNET_CSMACD,0,0,
193,2021-09-22 19:50:00,,,,UnknownOrUserSid,,,2,1,303615,2021-09-19 07:29:44.2014078,1689399666409472,IF_TYPE_ETHERNET_CSMACD,0,0,
194,2021-09-22 19:50:00,,,,UnknownOrUserSid,,,2,1,303615,2021-09-19 07:29:44.2235445,1689399683186688,IF_TYPE_ETHERNET_CSMACD,0,0,
195,2021-09-23 14:59:00,,,,UnknownOrUserSid,,,2,1,4716,2021-09-22 18:49:02.8068521,1689399632855040,IF_TYPE_ETHERNET_CSMACD,0,0,
196,2021-09-23 14:59:00,,,,UnknownOrUserSid,,,2,1,372546,2021-09-19 07:29:44.2014078,1689399666409472,IF_TYPE_ETHERNET_CSMACD,0,0,
197,2021-09-23 14:59:00,,,,UnknownOrUserSid,,,2,1,372546,2021-09-19 07:29:44.2235445,1689399683186688,IF_TYPE_ETHERNET_CSMACD,0,0,
198,2021-09-23 14:59:00,,,,UnknownOrUserSid,,,2,1,17,2021-09-23 14:58:33.3286230,1689399632855040,IF_TYPE_ETHERNET_CSMACD,0,0,
199,2021-09-23 15:59:00,,,,UnknownOrUserSid,,,2,1,3626,2021-09-23 14:58:33.3286230,1689399632855040,IF_TYPE_ETHERNET_CSMACD,0,0,
200,2021-09-23 15:59:00,,,,UnknownOrUserSid,,,2,1,376155,2021-09-19 07:29:44.2014078,1689399666409472,IF_TYPE_ETHERNET_CSMACD,0,0,
201,2021-09-23 15:59:00,,,,UnknownOrUserSid,,,2,1,376155,2021-09-19 07:29:44.2235445,1689399683186688,IF_TYPE_ETHERNET_CSMACD,0,0,
202,2021-09-23 17:00:00,,,,UnknownOrUserSid,,,2,1,7286,2021-09-23 14:58:33.3286230,1689399632855040,IF_TYPE_ETHERNET_CSMACD,0,0,
203,2021-09-23 17:00:00,,,,UnknownOrUserSid,,,2,1,379815,2021-09-19 07:29:44.2014078,1689399666409472,IF_TYPE_ETHERNET_CSMACD,0,0,
204,2021-09-23 17:00:00,,,,UnknownOrUserSid,,,2,1,379815,2021-09-19 07:29:44.2235445,1689399683186688,IF_TYPE_ETHERNET_CSMACD,0,0,
205,2021-09-24 16:35:00,,,,UnknownOrUserSid,,,2,1,10374,2021-09-23 14:58:33.3286230,1689399632855040,IF_TYPE_ETHERNET_CSMACD,0,0,
206,2021-09-24 16:35:00,,,,UnknownOrUserSid,,,2,1,464704,2021-09-19 07:29:44.2014078,1689399666409472,IF_TYPE_ETHERNET_CSMACD,0,0,
207,2021-09-24 16:35:00,,,,UnknownOrUserSid,,,2,1,464704,2021-09-19 07:29:44.2235445,1689399683186688,IF_TYPE_ETHERNET_CSMACD,0,0,
208,2021-09-24 16:35:00,,,,UnknownOrUserSid,,,2,1,28,2021-09-24 16:34:20.2927646,1689399632855040,IF_TYPE_ETHERNET_CSMACD,0,0,
209,2021-09-24 17:35:00,,,,UnknownOrUserSid,,,2,1,3639,2021-09-24 16:34:20.2927646,1689399632855040,IF_TYPE_ETHERNET_CSMACD,0,0,
210,2021-09-24 17:35:00,,,,UnknownOrUserSid,,,2,1,468315,2021-09-19 07:29:44.2014078,1689399666409472,IF_TYPE_ETHERNET_CSMACD,0,0,
211,2021-09-24 17:35:00,,,,UnknownOrUserSid,,,2,1,468315,2021-09-19 07:29:44.2235445,1689399683186688,IF_TYPE_ETHERNET_CSMACD,0,0,
212,2021-09-24 18:36:00,,,,UnknownOrUserSid,,,2,1,7299,2021-09-24 16:34:20.2927646,1689399632855040,IF_TYPE_ETHERNET_CSMACD,0,0,
213,2021-09-24 18:36:00,,,,UnknownOrUserSid,,,2,1,471975,2021-09-19 07:29:44.2014078,1689399666409472,IF_TYPE_ETHERNET_CSMACD,0,0,
214,2021-09-24 18:36:00,,,,UnknownOrUserSid,,,2,1,471975,2021-09-19 07:29:44.2235445,1689399683186688,IF_TYPE_ETHERNET_CSMACD,0,0,
215,2021-09-24 19:37:00,,,,UnknownOrUserSid,,,2,1,10959,2021-09-24 16:34:20.2927646,1689399632855040,IF_TYPE_ETHERNET_CSMACD,0,0,
216,2021-09-24 19:37:00,,,,UnknownOrUserSid,,,2,1,475635,2021-09-19 07:29:44.2014078,1689399666409472,IF_TYPE_ETHERNET_CSMACD,0,0,
217,2021-09-24 19:37:00,,,,UnknownOrUserSid,,,2,1,475635,2021-09-19 07:29:44.2235445,1689399683186688,IF_TYPE_ETHERNET_CSMACD,0,0,
218,2021-09-24 20:38:00,,,,UnknownOrUserSid,,,2,1,14619,2021-09-24 16:34:20.2927646,1689399632855040,IF_TYPE_ETHERNET_CSMACD,0,0,
219,2021-09-24 20:38:00,,,,UnknownOrUserSid,,,2,1,479295,2021-09-19 07:29:44.2014078,1689399666409472,IF_TYPE_ETHERNET_CSMACD,0,0,
220,2021-09-24 20:38:00,,,,UnknownOrUserSid,,,2,1,479295,2021-09-19 07:29:44.2235445,1689399683186688,IF_TYPE_ETHERNET_CSMACD,0,0,
221,2021-09-25 07:18:00,,,,UnknownOrUserSid,,,2,1,15026,2021-09-24 16:34:20.2927646,1689399632855040,IF_TYPE_ETHERNET_CSMACD,0,0,
222,2021-09-25 07:18:00,,,,UnknownOrUserSid,,,2,1,517657,2021-09-19 07:29:44.2014078,1689399666409472,IF_TYPE_ETHERNET_CSMACD,0,0,
223,2021-09-25 07:18:00,,,,UnknownOrUserSid,,,2,1,517657,2021-09-19 07:29:44.2235445,1689399683186688,IF_TYPE_ETHERNET_CSMACD,0,0,
224,2021-09-25 07:18:00,,,,UnknownOrUserSid,,,2,1,9,2021-09-25 07:17:12.4423754,1689399632855040,IF_TYPE_ETHERNET_CSMACD,0,0,
225,2021-09-25 08:18:00,,,,UnknownOrUserSid,,,2,1,3647,2021-09-25 07:17:12.4423754,1689399632855040,IF_TYPE_ETHERNET_CSMACD,0,0,
226,2021-09-25 08:18:00,,,,UnknownOrUserSid,,,2,1,521295,2021-09-19 07:29:44.2014078,1689399666409472,IF_TYPE_ETHERNET_CSMACD,0,0,
227,2021-09-25 08:18:00,,,,UnknownOrUserSid,,,2,1,521295,2021-09-19 07:29:44.2235445,1689399683186688,IF_TYPE_ETHERNET_CSMACD,0,0,
228,2021-09-25 12:24:00,,,,UnknownOrUserSid,,,2,1,5236,2021-09-25 07:17:12.4423754,1689399632855040,IF_TYPE_ETHERNET_CSMACD,0,0,
229,2021-09-25 12:24:00,,,,UnknownOrUserSid,,,2,1,536004,2021-09-19 07:29:44.2014078,1689399666409472,IF_TYPE_ETHERNET_CSMACD,0,0,
230,2021-09-25 12:24:00,,,,UnknownOrUserSid,,,2,1,536004,2021-09-19 07:29:44.2235445,1689399683186688,IF_TYPE_ETHERNET_CSMACD,0,0,
231,2021-09-25 12:24:00,,,,UnknownOrUserSid,,,2,1,27,2021-09-25 12:22:41.1297473,1689399632855040,IF_TYPE_ETHERNET_CSMACD,0,0,
232,2021-09-25 16:43:00,,,,UnknownOrUserSid,,,2,1,2422,2021-09-25 12:22:41.1297473,1689399632855040,IF_TYPE_ETHERNET_CSMACD,0,0,
233,2021-09-25 16:43:00,,,,UnknownOrUserSid,,,2,1,551577,2021-09-19 07:29:44.2014078,1689399666409472,IF_TYPE_ETHERNET_CSMACD,0,0,
234,2021-09-25 16:43:00,,,,UnknownOrUserSid,,,2,1,551577,2021-09-19 07:29:44.2235445,1689399683186688,IF_TYPE_ETHERNET_CSMACD,0,0,
235,2021-09-25 16:43:00,,,,UnknownOrUserSid,,,2,1,52,2021-09-25 16:41:49.0904204,1689399632855040,IF_TYPE_ETHERNET_CSMACD,0,0,
236,2021-09-25 17:43:00,,,,UnknownOrUserSid,,,2,1,3670,2021-09-25 16:41:49.0904204,1689399632855040,IF_TYPE_ETHERNET_CSMACD,0,0,
237,2021-09-25 17:43:00,,,,UnknownOrUserSid,,,2,1,555195,2021-09-19 07:29:44.2014078,1689399666409472,IF_TYPE_ETHERNET_CSMACD,0,0,
238,2021-09-25 17:43:00,,,,UnknownOrUserSid,,,2,1,555195,2021-09-19 07:29:44.2235445,1689399683186688,IF_TYPE_ETHERNET_CSMACD,0,0,
239,2021-09-26 06:16:00,,,,UnknownOrUserSid,,,2,1,4485,2021-09-25 16:41:49.0904204,1689399632855040,IF_TYPE_ETHERNET_CSMACD,0,0,
240,2021-09-26 06:16:00,,,,UnknownOrUserSid,,,2,1,600361,2021-09-19 07:29:44.2014078,1689399666409472,IF_TYPE_ETHERNET_CSMACD,0,0,
241,2021-09-26 06:16:00,,,,UnknownOrUserSid,,,2,1,600361,2021-09-19 07:29:44.2235445,1689399683186688,IF_TYPE_ETHERNET_CSMACD,0,0,
242,2021-09-26 06:16:00,,,,UnknownOrUserSid,,,2,1,21,2021-09-25 17:57:11.1868019,1689399632855040,IF_TYPE_ETHERNET_CSMACD,0,0,
243,2021-09-26 06:16:00,,,,UnknownOrUserSid,,,2,1,23,2021-09-26 06:15:21.9290454,1689399632855040,IF_TYPE_ETHERNET_CSMACD,0,0,
244,2021-09-26 07:16:00,,,,UnknownOrUserSid,,,2,1,1108,2021-09-26 06:15:21.9290454,1689399632855040,IF_TYPE_ETHERNET_CSMACD,0,0,
245,2021-09-26 07:16:00,,,,UnknownOrUserSid,,,2,1,603975,2021-09-19 07:29:44.2014078,1689399666409472,IF_TYPE_ETHERNET_CSMACD,0,0,
246,2021-09-26 07:16:00,,,,UnknownOrUserSid,,,2,1,603975,2021-09-19 07:29:44.2235445,1689399683186688,IF_TYPE_ETHERNET_CSMACD,0,0,
247,2021-09-26 07:16:00,,,,UnknownOrUserSid,,,2,1,201,2021-09-26 07:12:38.0922842,1689399632855040,IF_TYPE_ETHERNET_CSMACD,0,0,
248,2021-09-26 08:17:00,,,,UnknownOrUserSid,,,2,1,3861,2021-09-26 07:12:38.0922842,1689399632855040,IF_TYPE_ETHERNET_CSMACD,0,0,
249,2021-09-26 08:17:00,,,,UnknownOrUserSid,,,2,1,607635,2021-09-19 07:29:44.2014078,1689399666409472,IF_TYPE_ETHERNET_CSMACD,0,0,
250,2021-09-26 08:17:00,,,,UnknownOrUserSid,,,2,1,607635,2021-09-19 07:29:44.2235445,1689399683186688,IF_TYPE_ETHERNET_CSMACD,0,0,
251,2021-09-26 09:17:00,,,,UnknownOrUserSid,,,2,1,7461,2021-09-26 07:12:38.0922842,1689399632855040,IF_TYPE_ETHERNET_CSMACD,0,0,
252,2021-09-26 09:17:00,,,,UnknownOrUserSid,,,2,1,611235,2021-09-19 07:29:44.2014078,1689399666409472,IF_TYPE_ETHERNET_CSMACD,0,0,
253,2021-09-26 09:17:00,,,,UnknownOrUserSid,,,2,1,611235,2021-09-19 07:29:44.2235445,1689399683186688,IF_TYPE_ETHERNET_CSMACD,0,0,
254,2021-09-26 12:37:00,,,,UnknownOrUserSid,,,2,1,8643,2021-09-26 07:12:38.0922842,1689399632855040,IF_TYPE_ETHERNET_CSMACD,0,0,
255,2021-09-26 12:37:00,,,,UnknownOrUserSid,,,2,1,623183,2021-09-19 07:29:44.2014078,1689399666409472,IF_TYPE_ETHERNET_CSMACD,0,0,
256,2021-09-26 12:37:00,,,,UnknownOrUserSid,,,2,1,623183,2021-09-19 07:29:44.2235445,1689399683186688,IF_TYPE_ETHERNET_CSMACD,0,0,
257,2021-09-26 12:37:00,,,,UnknownOrUserSid,,,2,1,14,2021-09-26 12:35:53.2781929,1689399632855040,IF_TYPE_ETHERNET_CSMACD,0,0,
258,2021-09-26 13:37:00,,,,UnknownOrUserSid,,,2,1,3666,2021-09-26 12:35:53.2781929,1689399632855040,IF_TYPE_ETHERNET_CSMACD,0,0,
259,2021-09-26 13:37:00,,,,UnknownOrUserSid,,,2,1,626835,2021-09-19 07:29:44.2014078,1689399666409472,IF_TYPE_ETHERNET_CSMACD,0,0,
260,2021-09-26 13:37:00,,,,UnknownOrUserSid,,,2,1,626835,2021-09-19 07:29:44.2235445,1689399683186688,IF_TYPE_ETHERNET_CSMACD,0,0,
261,2021-09-26 16:12:00,,,,UnknownOrUserSid,,,2,1,7214,2021-09-26 12:35:53.2781929,1689399632855040,IF_TYPE_ETHERNET_CSMACD,0,0,
262,2021-09-26 16:12:00,,,,UnknownOrUserSid,,,2,1,636117,2021-09-19 07:29:44.2014078,1689399666409472,IF_TYPE_ETHERNET_CSMACD,0,0,
263,2021-09-26 16:12:00,,,,UnknownOrUserSid,,,2,1,636117,2021-09-19 07:29:44.2235445,1689399683186688,IF_TYPE_ETHERNET_CSMACD,0,0,
264,2021-09-26 16:12:00,,,,UnknownOrUserSid,,,2,1,48,2021-09-26 16:10:53.0974015,1689399632855040,IF_TYPE_ETHERNET_CSMACD,0,0,
265,2021-09-26 17:12:00,,,,UnknownOrUserSid,,,2,1,3666,2021-09-26 16:10:53.0974015,1689399632855040,IF_TYPE_ETHERNET_CSMACD,0,0,
266,2021-09-26 17:12:00,,,,UnknownOrUserSid,,,2,1,639735,2021-09-19 07:29:44.2014078,1689399666409472,IF_TYPE_ETHERNET_CSMACD,0,0,
267,2021-09-26 17:12:00,,,,UnknownOrUserSid,,,2,1,639735,2021-09-19 07:29:44.2235445,1689399683186688,IF_TYPE_ETHERNET_CSMACD,0,0,
268,2021-09-27 16:35:00,,,,UnknownOrUserSid,,,2,1,5116,2021-09-26 16:10:53.0974015,1689399632855040,IF_TYPE_ETHERNET_CSMACD,0,0,
269,2021-09-27 16:35:00,,,,UnknownOrUserSid,,,2,1,723904,2021-09-19 07:29:44.2014078,1689399666409472,IF_TYPE_ETHERNET_CSMACD,0,0,
270,2021-09-27 16:35:00,,,,UnknownOrUserSid,,,2,1,723904,2021-09-19 07:29:44.2235445,1689399683186688,IF_TYPE_ETHERNET_CSMACD,0,0,
271,2021-09-27 16:35:00,,,,UnknownOrUserSid,,,2,1,47,2021-09-27 16:34:01.1910884,1689399632855040,IF_TYPE_ETHERNET_CSMACD,0,0,
272,2021-09-27 17:35:00,,,,UnknownOrUserSid,,,2,1,3658,2021-09-27 16:34:01.1910884,1689399632855040,IF_TYPE_ETHERNET_CSMACD,0,0,
273,2021-09-27 17:35:00,,,,UnknownOrUserSid,,,2,1,727515,2021-09-19 07:29:44.2014078,1689399666409472,IF_TYPE_ETHERNET_CSMACD,0,0,
274,2021-09-27 17:35:00,,,,UnknownOrUserSid,,,2,1,727515,2021-09-19 07:29:44.2235445,1689399683186688,IF_TYPE_ETHERNET_CSMACD,0,0,
275,2021-09-27 18:36:00,,,,UnknownOrUserSid,,,2,1,7318,2021-09-27 16:34:01.1910884,1689399632855040,IF_TYPE_ETHERNET_CSMACD,0,0,
276,2021-09-27 18:36:00,,,,UnknownOrUserSid,,,2,1,731175,2021-09-19 07:29:44.2014078,1689399666409472,IF_TYPE_ETHERNET_CSMACD,0,0,
277,2021-09-27 18:36:00,,,,UnknownOrUserSid,,,2,1,731175,2021-09-19 07:29:44.2235445,1689399683186688,IF_TYPE_ETHERNET_CSMACD,0,0,
278,2021-09-28 15:30:00,,,,UnknownOrUserSid,,,2,1,9957,2021-09-27 16:34:01.1910884,1689399632855040,IF_TYPE_ETHERNET_CSMACD,0,0,
279,2021-09-28 15:30:00,,,,UnknownOrUserSid,,,2,1,806414,2021-09-19 07:29:44.2014078,1689399666409472,IF_TYPE_ETHERNET_CSMACD,0,0,
280,2021-09-28 15:30:00,,,,UnknownOrUserSid,,,2,1,806414,2021-09-19 07:29:44.2235445,1689399683186688,IF_TYPE_ETHERNET_CSMACD,0,0,
281,2021-09-28 16:31:00,,,,UnknownOrUserSid,,,2,1,810075,2021-09-19 07:29:44.2014078,1689399666409472,IF_TYPE_ETHERNET_CSMACD,0,0,
282,2021-09-28 16:31:00,,,,UnknownOrUserSid,,,2,1,810075,2021-09-19 07:29:44.2235445,1689399683186688,IF_TYPE_ETHERNET_CSMACD,0,0,
283,2021-09-28 16:31:00,,,,UnknownOrUserSid,,,2,1,3659,2021-09-28 15:30:00.6587041,1689399632855040,IF_TYPE_ETHERNET_CSMACD,0,0,
284,2021-09-28 17:32:00,,,,UnknownOrUserSid,,,2,1,7319,2021-09-28 15:30:00.6587041,1689399632855040,IF_TYPE_ETHERNET_CSMACD,0,0,
285,2021-09-28 17:32:00,,,,UnknownOrUserSid,,,2,1,813735,2021-09-19 07:29:44.2014078,1689399666409472,IF_TYPE_ETHERNET_CSMACD,0,0,
286,2021-09-28 17:32:00,,,,UnknownOrUserSid,,,2,1,813735,2021-09-19 07:29:44.2235445,1689399683186688,IF_TYPE_ETHERNET_CSMACD,0,0,
287,2021-09-28 18:33:00,,,,UnknownOrUserSid,,,2,1,10979,2021-09-28 15:30:00.6587041,1689399632855040,IF_TYPE_ETHERNET_CSMACD,0,0,
288,2021-09-28 18:33:00,,,,UnknownOrUserSid,,,2,1,817395,2021-09-19 07:29:44.2014078,1689399666409472,IF_TYPE_ETHERNET_CSMACD,0,0,
289,2021-09-28 18:33:00,,,,UnknownOrUserSid,,,2,1,817395,2021-09-19 07:29:44.2235445,1689399683186688,IF_TYPE_ETHERNET_CSMACD,0,0,
290,2021-09-29 05:20:00,,,,UnknownOrUserSid,,,2,1,13016,2021-09-28 15:30:00.6587041,1689399632855040,IF_TYPE_ETHERNET_CSMACD,0,0,
291,2021-09-29 05:20:00,,,,UnknownOrUserSid,,,2,1,856202,2021-09-19 07:29:44.2014078,1689399666409472,IF_TYPE_ETHERNET_CSMACD,0,0,
292,2021-09-29 05:20:00,,,,UnknownOrUserSid,,,2,1,856202,2021-09-19 07:29:44.2235445,1689399683186688,IF_TYPE_ETHERNET_CSMACD,0,0,
293,2021-09-29 11:05:00,,,,UnknownOrUserSid,,,2,1,1783,2021-09-29 05:19:48.6636106,1689399632855040,IF_TYPE_ETHERNET_CSMACD,0,0,
294,2021-09-29 11:05:00,,,,UnknownOrUserSid,,,2,1,876869,2021-09-19 07:29:44.2014078,1689399666409472,IF_TYPE_ETHERNET_CSMACD,0,0,
295,2021-09-29 11:05:00,,,,UnknownOrUserSid,,,2,1,876869,2021-09-19 07:29:44.2235445,1689399683186688,IF_TYPE_ETHERNET_CSMACD,0,0,
296,2021-09-29 11:05:00,,,,UnknownOrUserSid,,,2,1,24,2021-09-29 11:03:50.1728371,1689399632855040,IF_TYPE_ETHERNET_CSMACD,0,0,
297,2021-09-29 12:05:00,,,,UnknownOrUserSid,,,2,1,3669,2021-09-29 11:03:50.1728371,1689399632855040,IF_TYPE_ETHERNET_CSMACD,0,0,
298,2021-09-29 12:05:00,,,,UnknownOrUserSid,,,2,1,880515,2021-09-19 07:29:44.2014078,1689399666409472,IF_TYPE_ETHERNET_CSMACD,0,0,
299,2021-09-29 12:05:00,,,,UnknownOrUserSid,,,2,1,880515,2021-09-19 07:29:44.2235445,1689399683186688,IF_TYPE_ETHERNET_CSMACD,0,0,
300,2021-09-29 15:47:00,,,,UnknownOrUserSid,,,2,1,3812,2021-09-29 11:03:50.1728371,1689399632855040,IF_TYPE_ETHERNET_CSMACD,0,0,
301,2021-09-29 15:47:00,,,,UnknownOrUserSid,,,2,1,893829,2021-09-19 07:29:44.2014078,1689399666409472,IF_TYPE_ETHERNET_CSMACD,0,0,
302,2021-09-29 15:47:00,,,,UnknownOrUserSid,,,2,1,893829,2021-09-19 07:29:44.2235445,1689399683186688,IF_TYPE_ETHERNET_CSMACD,0,0,
303,2021-09-29 15:47:00,,,,UnknownOrUserSid,,,2,1,33,2021-09-29 15:46:20.1894959,1689399632855040,IF_TYPE_ETHERNET_CSMACD,0,0,
304,2021-09-29 17:27:00,,,,UnknownOrUserSid,,,2,1,2757,2021-09-29 15:46:20.1894959,1689399632855040,IF_TYPE_ETHERNET_CSMACD,0,0,
305,2021-09-29 17:27:00,,,,UnknownOrUserSid,,,2,1,899804,2021-09-19 07:29:44.2014078,1689399666409472,IF_TYPE_ETHERNET_CSMACD,0,0,
306,2021-09-29 17:27:00,,,,UnknownOrUserSid,,,2,1,899804,2021-09-19 07:29:44.2235445,1689399683186688,IF_TYPE_ETHERNET_CSMACD,0,0,
307,2021-09-29 17:27:00,,,,UnknownOrUserSid,,,2,1,38,2021-09-29 17:25:50.1789541,1689399632855040,IF_TYPE_ETHERNET_CSMACD,0,0,
308,2021-09-29 18:27:00,,,,UnknownOrUserSid,,,2,1,3669,2021-09-29 17:25:50.1789541,1689399632855040,IF_TYPE_ETHERNET_CSMACD,0,0,
309,2021-09-29 18:27:00,,,,UnknownOrUserSid,,,2,1,903435,2021-09-19 07:29:44.2014078,1689399666409472,IF_TYPE_ETHERNET_CSMACD,0,0,
310,2021-09-29 18:27:00,,,,UnknownOrUserSid,,,2,1,903435,2021-09-19 07:29:44.2235445,1689399683186688,IF_TYPE_ETHERNET_CSMACD,0,0,
311,2021-09-30 15:03:00,,,,UnknownOrUserSid,,,2,1,5072,2021-09-29 17:25:50.1789541,1689399632855040,IF_TYPE_ETHERNET_CSMACD,0,0,
312,2021-09-30 15:03:00,,,,UnknownOrUserSid,,,2,1,977583,2021-09-19 07:29:44.2014078,1689399666409472,IF_TYPE_ETHERNET_CSMACD,0,0,
313,2021-09-30 15:03:00,,,,UnknownOrUserSid,,,2,1,977583,2021-09-19 07:29:44.2235445,1689399683186688,IF_TYPE_ETHERNET_CSMACD,0,0,
314,2021-09-30 15:03:00,,,,UnknownOrUserSid,,,2,1,33,2021-09-30 15:02:14.3022104,1689399632855040,IF_TYPE_ETHERNET_CSMACD,0,0,
315,2021-10-01 13:08:00,,,,UnknownOrUserSid,,,2,1,1665,2021-09-30 15:02:14.3022104,1689399632855040,IF_TYPE_ETHERNET_CSMACD,0,0,
316,2021-10-01 13:08:00,,,,UnknownOrUserSid,,,2,1,1057087,2021-09-19 07:29:44.2014078,1689399666409472,IF_TYPE_ETHERNET_CSMACD,0,0,
317,2021-10-01 13:08:00,,,,UnknownOrUserSid,,,2,1,1057087,2021-09-19 07:29:44.2235445,1689399683186688,IF_TYPE_ETHERNET_CSMACD,0,0,
318,2021-10-01 13:08:00,,,,UnknownOrUserSid,,,2,1,56,2021-10-01 13:06:55.1872641,1689399632855040,IF_TYPE_ETHERNET_CSMACD,0,0,
319,2021-10-01 14:46:00,,,,UnknownOrUserSid,,,2,1,716,2021-10-01 13:06:55.1872641,1689399632855040,IF_TYPE_ETHERNET_CSMACD,0,0,
320,2021-10-01 14:46:00,,,,UnknownOrUserSid,,,2,1,1062934,2021-09-19 07:29:44.2014078,1689399666409472,IF_TYPE_ETHERNET_CSMACD,0,0,
321,2021-10-01 14:46:00,,,,UnknownOrUserSid,,,2,1,1062934,2021-09-19 07:29:44.2235445,1689399683186688,IF_TYPE_ETHERNET_CSMACD,0,0,
322,2021-10-01 14:46:00,,,,UnknownOrUserSid,,,2,1,4,2021-10-01 14:45:14.1247529,1689399632855040,IF_TYPE_ETHERNET_CSMACD,0,0,
323,2021-10-01 15:46:00,,,,UnknownOrUserSid,,,2,1,182,2021-10-01 14:45:14.1247529,1689399632855040,IF_TYPE_ETHERNET_CSMACD,0,0,
324,2021-10-01 15:46:00,,,,UnknownOrUserSid,,,2,1,1066575,2021-09-19 07:29:44.2014078,1689399666409472,IF_TYPE_ETHERNET_CSMACD,0,0,
325,2021-10-01 15:46:00,,,,UnknownOrUserSid,,,2,1,1066575,2021-09-19 07:29:44.2235445,1689399683186688,IF_TYPE_ETHERNET_CSMACD,0,0,
326,2021-10-01 15:46:00,,,,UnknownOrUserSid,,,2,1,3427,2021-10-01 14:48:52.3690471,1689399632855040,IF_TYPE_ETHERNET_CSMACD,0,0,
327,2021-10-01 16:47:00,,,,UnknownOrUserSid,,,2,1,6042,2021-10-01 14:48:52.3690471,1689399632855040,IF_TYPE_ETHERNET_CSMACD,0,0,
328,2021-10-01 16:47:00,,,,UnknownOrUserSid,,,2,1,1070235,2021-09-19 07:29:44.2014078,1689399666409472,IF_TYPE_ETHERNET_CSMACD,0,0,
329,2021-10-01 16:47:00,,,,UnknownOrUserSid,,,2,1,1070235,2021-09-19 07:29:44.2235445,1689399683186688,IF_TYPE_ETHERNET_CSMACD,0,0,
330,2021-10-01 16:47:00,,,,UnknownOrUserSid,,,2,1,726,2021-10-01 16:30:09.9584718,1689399632855040,IF_TYPE_ETHERNET_CSMACD,0,0,
331,2021-10-01 16:47:00,,,,UnknownOrUserSid,,,2,1,271,2021-10-01 16:42:28.4931509,1689399632855040,IF_TYPE_ETHERNET_CSMACD,0,0,
332,2021-10-01 17:48:00,,,,UnknownOrUserSid,,,2,1,3931,2021-10-01 16:42:28.4931509,1689399632855040,IF_TYPE_ETHERNET_CSMACD,0,0,
333,2021-10-01 17:48:00,,,,UnknownOrUserSid,,,2,1,1073895,2021-09-19 07:29:44.2014078,1689399666409472,IF_TYPE_ETHERNET_CSMACD,0,0,
334,2021-10-01 17:48:00,,,,UnknownOrUserSid,,,2,1,1073895,2021-09-19 07:29:44.2235445,1689399683186688,IF_TYPE_ETHERNET_CSMACD,0,0,
335,2021-10-01 18:49:00,,,,UnknownOrUserSid,,,2,1,7591,2021-10-01 16:42:28.4931509,1689399632855040,IF_TYPE_ETHERNET_CSMACD,0,0,
336,2021-10-01 18:49:00,,,,UnknownOrUserSid,,,2,1,1077555,2021-09-19 07:29:44.2014078,1689399666409472,IF_TYPE_ETHERNET_CSMACD,0,0,
337,2021-10-01 18:49:00,,,,UnknownOrUserSid,,,2,1,1077555,2021-09-19 07:29:44.2235445,1689399683186688,IF_TYPE_ETHERNET_CSMACD,0,0,
338,2021-10-02 05:50:00,,,,UnknownOrUserSid,,,2,1,8848,2021-10-01 16:42:28.4931509,1689399632855040,IF_TYPE_ETHERNET_CSMACD,0,0,
339,2021-10-02 05:50:00,,,,UnknownOrUserSid,,,2,1,1117156,2021-09-19 07:29:44.2014078,1689399666409472,IF_TYPE_ETHERNET_CSMACD,0,0,
340,2021-10-02 05:50:00,,,,UnknownOrUserSid,,,2,1,1117156,2021-09-19 07:29:44.2235445,1689399683186688,IF_TYPE_ETHERNET_CSMACD,0,0,
341,2021-10-02 06:50:00,,,,UnknownOrUserSid,,,2,1,3658,2021-10-02 05:49:01.3348302,1689399632855040,IF_TYPE_ETHERNET_CSMACD,0,0,
342,2021-10-02 06:50:00,,,,UnknownOrUserSid,,,2,1,1120815,2021-09-19 07:29:44.2014078,1689399666409472,IF_TYPE_ETHERNET_CSMACD,0,0,
343,2021-10-02 06:50:00,,,,UnknownOrUserSid,,,2,1,1120815,2021-09-19 07:29:44.2235445,1689399683186688,IF_TYPE_ETHERNET_CSMACD,0,0,
344,2021-10-02 07:50:00,,,,UnknownOrUserSid,,,2,1,7258,2021-10-02 05:49:01.3348302,1689399632855040,IF_TYPE_ETHERNET_CSMACD,0,0,
345,2021-10-02 07:50:00,,,,UnknownOrUserSid,,,2,1,1124415,2021-09-19 07:29:44.2014078,1689399666409472,IF_TYPE_ETHERNET_CSMACD,0,0,
346,2021-10-02 07:50:00,,,,UnknownOrUserSid,,,2,1,1124415,2021-09-19 07:29:44.2235445,1689399683186688,IF_TYPE_ETHERNET_CSMACD,0,0,
